2015-01-11,MMM,2607,21,3239,379,2452,334
2015-01-11,MMM,448,895,109,1838,2536,1813
2015-01-11,ABT,4103,6244,5884,4886,3235,2297
2015-01-11,ABT,483,107,71,1257,1486,1497
2015-01-11,ABBV,43,6342,109,64,60,1352
2015-01-11,ABBV,849,0,123,2353,6691,42
2015-01-11,ACN,2604,2139,279,2436,681,612
2015-01-11,ACN,438,514,276,97,800,94
2015-01-11,ACE,0,2,167,579,450
2015-01-11,ACE,,0,44,159
2015-01-11,ACT,244,2771,27,9432,276,1201
2015-01-11,ACT,305,0,110,0,123,475
2015-01-11,ADBE,665,1400,6855,1686,2267,2345
2015-01-11,ADBE,1640,962,335,1380,3273,2879
2015-01-11,ADT,3286,6073,1387,3127,1011,724
2015-01-11,ADT,393,61,16,2673,2748,595
2015-01-11,AES,35,185,63,903
2015-01-11,AES,297,449,67,
2015-01-11,AET,27,7865,125,1459,176,57
2015-01-11,AET,53,0,0,0,0,0
2015-01-11,AMG,6,8,14,50,102,13
2015-01-11,AMG,53,13,0,19,71,164
2015-01-11,AFL,34,805,1165,3849,7454,2674
2015-01-11,AFL,3865,3239,166,858,2291,4446
2015-01-11,A,8,64,5266,211,6515,3894
2015-01-11,A,813,1437,269,130,2581,3081
2015-01-11,GAS,0,21,133,35
2015-01-11,GAS,,0,36,19
2015-01-11,APD,14,82,2807,539,3558,329
2015-01-11,APD,382,35,0,637,910,1971
2015-01-11,ARG,0,7,319,347,468,539
2015-01-11,ARG,128,0,0,31,74,115
2015-01-11,AKAM,10,1177,18,46,60,38
2015-01-11,AKAM,149,301,109,39,906,110
2015-01-11,AA,80894,1494,32766,2850,40805,1143
2015-01-11,AA,102,11313,1,24634,1251,34868
2015-01-11,ALXN,27,167,531,285,35,697
2015-01-11,ALXN,224,11,248,631,942,73
2015-01-11,ALLE,16
2015-01-11,ALLE,1
2015-01-11,AGN,6326,60,1281,876,5285,1
2015-01-11,AGN,1,0,0,2032,38,29
2015-01-11,ADS,8,54,92,98,72,30
2015-01-11,ADS,,75,5,0
2015-01-11,ALL,752,1444,585,155,220
2015-01-11,ALL,,1220,601,144
2015-01-11,ALTR,6738,6934,1606,2616,4112,2256
2015-01-11,ALTR,2928,642,106,1085,5815,1101
2015-01-11,MO,636,7596,376,854,374,820
2015-01-11,MO,87,19,0,75,2146,189
2015-01-11,AMZN,1792,75,1095,185,4452,403
2015-01-11,AMZN,490,7306,693,5168,319,3057
2015-01-11,AEE,24,245,16
2015-01-11,AEE,5,55,172
2015-01-11,AEP,35,1939,3779,2112,364
2015-01-11,AEP,,2035,1036,795
2015-01-11,AXP,2451,950,4075,287,4521,564
2015-01-11,AXP,1546,1987,192,3777,647,3979
2015-01-11,AIG,27968,13207,15,22,157,1737
2015-01-11,AIG,500,9479,1204,71,12608,2192
2015-01-11,AMT,1128,683,40,1477,78,59
2015-01-11,AMT,503,10,8,50,499,54
2015-01-11,AMP,34,88,152,118
2015-01-11,AMP,150,92,0,5,21,252
2015-01-11,ABC,43,29,141,151,28,305
2015-01-11,ABC,,0,0,0
2015-01-11,AME,399,19
2015-01-11,AME,,117,216,0
2015-01-11,AMGN,4181,160,2515,210,6847,1209
2015-01-11,AMGN,1787,3877,178,2213,864,1470
2015-01-11,APH,220,585,1367,940,186,0
2015-01-11,APH,57,0,88,819,754,857
2015-01-11,APC,249,1780,92,13165,131,4827
2015-01-11,APC,7564,162,5870,76,4961,110
2015-01-11,ADI,0,29,572,1632,699,646
2015-01-11,ADI,444,226,25,166,1534,439
2015-01-11,AON,475,3406,222,726,554,3262
2015-01-11,AON,381,995,88,1834,1984,624
2015-01-11,APA,64,1356,38,89,53,145
2015-01-11,APA,67,117,227,159,1823,60
2015-01-11,AIV,34,34
2015-01-11,AIV,0,0
2015-01-11,AAPL,12107,12272,12255,25004,31588,16213
2015-01-11,AAPL,7931,9821,3829,4927,7965,8242
2015-01-11,AMAT,33376,197,90202,385,82541,1438
2015-01-11,AMAT,350,5909,137,10043,3887,10875
2015-01-11,ADM,867,892,1771,0,578,28
2015-01-11,ADM,1355,27,1674,23,1982,38
2015-01-11,AIZ,40,32,95
2015-01-11,AIZ,30,0,165
2015-01-11,T,1143,739,4792,5741,30750,4150
2015-01-11,T,8676,38770,1489,32210,12842,66989
2015-01-11,ADSK,1446,2624,1088,3894,4392,3800
2015-01-11,ADSK,2283,573,611,1544,2939,1930
2015-01-11,ADP,26,167,129,1016,1065,52
2015-01-11,ADP,2751,37,2,99,846,381
2015-01-11,AN,94,268,163,288,531,13
2015-01-11,AN,97,103,0,501,262,222
2015-01-11,AZO,99,49,401,329,270,130
2015-01-11,AZO,214,65,57,155,165,277
2015-01-11,AVGO,1134,517,1485,1701,1161,165
2015-01-11,AVGO,97,10,2,397,333,725
2015-01-11,AVB,51,1105,88,727,11
2015-01-11,AVB,,343,334,100
2015-01-11,AVY,0,132,315,129,13
2015-01-11,AVY,,233,925,50
2015-01-11,AVP,0,13,20,312,765
2015-01-11,AVP,121,9116,351,64,348,1418
2015-01-11,BHI,3203,1,874,9,13,3129
2015-01-11,BHI,4598,0,0,0,0,0
2015-01-11,BLL,74,170
2015-01-11,BLL,60,23
2015-01-11,BAC,4173,88478,4509,543414,30528,191610
2015-01-11,BAC,354177,12804,44295,2740,89190,20930
2015-01-11,BK,1543,116,1657,79,5970,0
2015-01-11,BK,25,1029,65,2077,76,2297
2015-01-11,BCR,136,90,503,115,507,250
2015-01-11,BCR,11,0,0,50,11,404
2015-01-11,BAX,7,248,660,4060,675,171
2015-01-11,BAX,4304,222,244,533,110,624
2015-01-11,BBT,280,1211,320,3863,3357,2808
2015-01-11,BBT,5616,3741,1990,376,2045,3401
2015-01-11,BDX,37,56,858,525,35,30
2015-01-11,BDX,17,0,0,1023,288,647
2015-01-11,BBBY,1266,81,59,23,3847,661
2015-01-11,BBBY,114,8245,985,290,105,576
2015-01-11,BMS,3,232,520
2015-01-11,BMS,,274,47,244
2015-01-11,BRK-B,47,83,60,3788,323,1626
2015-01-11,BRK-B,2969,20,544,231,132,47
2015-01-11,BBY,19727,60,3638,745,4269,2155
2015-01-11,BBY,206,3122,1810,2679,281,3574
2015-01-11,BIIB,766,90,844,107,653,280
2015-01-11,BIIB,193,419,126,810,88,709
2015-01-11,BLK,33,92,811,395,773,476
2015-01-11,BLK,711,688,38,306,278,552
2015-01-11,BA,271,12186,1066,828,556,960
2015-01-11,BA,279,177,68,568,7055,790
2015-01-11,BWA,0,57,592,2442,2565,1519
2015-01-11,BWA,321,92,135,166,1382,526
2015-01-11,BXP,743,684,103,19,50,10
2015-01-11,BXP,22,6,22,71,64,24
2015-01-11,BSX,2178,9048,11603,2739,137,125
2015-01-11,BSX,379,44,0,6799,21695,7342
2015-01-11,BMY,478,669,18872,129,435,267
2015-01-11,BMY,123,48,7,694,500,6109
2015-01-11,BRCM,5715,51,3228,292,5227,328
2015-01-11,BRCM,300,1381,77,7051,270,1365
2015-01-11,BF-B,0,22,14,3
2015-01-11,BF-B,,0,0,0
2015-01-11,CHRW,92,1063,1039,371,1399,913
2015-01-11,CHRW,639,439,61,457,769,583
2015-01-11,CA,540,2459,1944,6791,1145,1699
2015-01-11,CA,158,2,0,744,657,1223
2015-01-11,CVC,1380,299,752,2856,2048,3278
2015-01-11,CVC,575,424,43,1293,4981,3267
2015-01-11,COG,135,228,892,3522,5314,5708
2015-01-11,COG,3615,1441,10452,1994,5308,6555
2015-01-11,CAM,1,8862,88,1322,1468,2047
2015-01-11,CAM,538,2493,1348,654,383,354
2015-01-11,CPB,0,604,1921,883,1629,935
2015-01-11,CPB,0,617,0,2183,461,472
2015-01-11,COF,517,2478,1340,3525,2143,2368
2015-01-11,COF,2236,1318,1416,1505,1408,1928
2015-01-11,CAH,782,488,728,1296,14,44
2015-01-11,CAH,9,0,0,634,342,420
2015-01-11,CFN,1,0,1
2015-01-11,CFN,1,0,1
2015-01-11,KMX,996,222,500,203,257,134
2015-01-11,KMX,113,51,2,2271,409,2107
2015-01-11,CCL,16240,6886,5546,8095,875,1661
2015-01-11,CCL,181,18,29,4614,1509,1532
2015-01-11,CAT,3290,335,1265,1533,5059,1386
2015-01-11,CAT,786,9608,406,10581,768,4477
2015-01-11,CBG,13,124,471,513,3056,725
2015-01-11,CBG,4,33,5,258,1525,11
2015-01-11,CBS,259,414,217,20684,2318,706
2015-01-11,CBS,33134,139,818,463,1165,2139
2015-01-11,CELG,269,295,2150,776,7493,751
2015-01-11,CELG,268,1919,138,336,274,201
2015-01-11,CNP,0,0,283,1785,2480,797
2015-01-11,CNP,503,109,0,64,59,2267
2015-01-11,CTL,38,71,187,5254,8399,3097
2015-01-11,CTL,1467,2463,834,1448,11343,2366
2015-01-11,CERN,339,1229,1942,1060,2566,455
2015-01-11,CERN,814,20,22,2681,1539,946
2015-01-11,CF,6152,218,464,50,659,241
2015-01-11,CF,31,38,0,35,14,0
2015-01-11,CHK,893,165,3871,431,4385,535
2015-01-11,CHK,270,22481,1940,6146,1540,10347
2015-01-11,CVX,512,213,601,474,8182,463
2015-01-11,CVX,728,22072,302,419,411,1893
2015-01-11,CMG,79,619,385,634,169,409
2015-01-11,CMG,29,59,209,32,106,0
2015-01-11,CB,0,521,672,321,21
2015-01-11,CB,,562,228,306
2015-01-11,CI,990,594,1344,658,101,85
2015-01-11,CI,130,27,0,589,587,284
2015-01-11,XEC,5,1000,1079,2094,1843,6663
2015-01-11,XEC,86,109,137,153,238,331
2015-01-11,CINF,72,8
2015-01-11,CINF,56,0
2015-01-11,CTAS,632,248,184,129,0,78
2015-01-11,CTAS,185,10,21,152,0,146
2015-01-11,CSCO,263,33199,3374,41853,6335,9212
2015-01-11,CSCO,11625,1321,2096,827,32492,8389
2015-01-11,C,679,66751,300,773,630,3698
2015-01-11,C,1477,3343,3139,4062,81786,765
2015-01-11,CTXS,1287,746,898,1155,1527,1422
2015-01-11,CTXS,1392,409,234,812,759,1386
2015-01-11,CLX,1379,3541,10873,652,99,64
2015-01-11,CLX,384,11,14,195,593,1611
2015-01-11,CME,327,475,701,99,873,97
2015-01-11,CME,116,754,43,1389,28,569
2015-01-11,CMS,30,362,12
2015-01-11,CMS,,0,2046,0
2015-01-11,COH,5019,411,7505,362,2516,50
2015-01-11,COH,38,761,0,3052,183,4603
2015-01-11,KO,1446,48407,4163,10853,60344,686
2015-01-11,KO,329,6930,229,18982,35071,1532
2015-01-11,CCE,645,4601,6433,6354,14619,3601
2015-01-11,CCE,681,273,99,353,978,522
2015-01-11,CTSH,32,459,297,827,9511,131
2015-01-11,CTSH,319,15,0,537,141,0
2015-01-11,CL,3980,2731,67,0,67,19
2015-01-11,CL,108,79,1024,5356,103,59
2015-01-11,CMCSA,57325,78,2237,2188,5907,84658
2015-01-11,CMCSA,1524,4671,10307,16333,5583,9508
2015-01-11,CMA,0,1,266,90,143,1029
2015-01-11,CMA,786,963,916,127,1137,1168
2015-01-11,CSC,0,21,373,1074,223,11
2015-01-11,CSC,178,14,0,351,718,835
2015-01-11,CAG,2094,5027,1346,2842,1138,1072
2015-01-11,CAG,940,36,49,417,2035,1006
2015-01-11,COP,93,165,83,2919,214,302
2015-01-11,COP,14288,181,1257,245,1150,537
2015-01-11,CNX,656,0,210,80,130,1528
2015-01-11,CNX,240,1190,445,826,92,1376
2015-01-11,ED,4828,3269,2128,2500,649,0
2015-01-11,ED,4791,313,12,1315,2092,1621
2015-01-11,STZ,1901,945,3176,407,19,1
2015-01-11,STZ,,0,0,0
2015-01-11,GLW,17787,292,6991,2837,2342,2
2015-01-11,GLW,1759,2145,0,3461,1906,5755
2015-01-11,COST,166,510,2148,1039,1916,193
2015-01-11,COST,990,850,113,222,399,1129
2015-01-11,COV,759,11475,2506,741,21
2015-01-11,COV,,364,0,0
2015-01-11,CCI,582,1280,10263,5465,10099,1727
2015-01-11,CCI,28,81,0,700,536,476
2015-01-11,CSX,439,3089,3899,7404,3038,4531
2015-01-11,CSX,3068,1536,772,2367,6646,2324
2015-01-11,CMI,16,242,25,136,2451,626
2015-01-11,CMI,77,981,53,119,147,35
2015-01-11,CVS,1318,632,1435,358,610,89
2015-01-11,CVS,21,181,0,471,1590,175
2015-01-11,DHI,17742,795,4498,62,2159,1879
2015-01-11,DHI,80,918,433,3990,320,2215
2015-01-11,DHR,4063,17574,20217,34549,4520,23
2015-01-11,DHR,2661,5,0,1990,1092,2138
2015-01-11,DRI,10,56,2410,2806,830,2638
2015-01-11,DRI,225,40,20,2098,881,435
2015-01-11,DVA,661,811,1256,2005,2457,89
2015-01-11,DVA,243,101,0,723,1675,1037
2015-01-11,DE,118,2,317,147,7945,184
2015-01-11,DE,349,4830,370,10867,738,13191
2015-01-11,DLPH,2059,501,1378,290,2258,122
2015-01-11,DLPH,134,117,1,203,811,2236
2015-01-11,DAL,80,4069,163,8862,248,8938
2015-01-11,DAL,1082,1829,3187,2496,4660,2547
2015-01-11,DNR,6,489,1377,1174,7644,2234
2015-01-11,DNR,583,244,265,37,1460,805
2015-01-11,XRAY,0,86,947,182,0,20
2015-01-11,XRAY,286,4,0,217,192,96
2015-01-11,DVN,88,57,3791,98,246,235
2015-01-11,DVN,62,30,48,73,84,3195
2015-01-11,DO,845,46,961,65,600,92
2015-01-11,DO,309,2297,1777,2747,1881,8349
2015-01-11,DTV,3286,923,2924,234,1315,1530
2015-01-11,DTV,911,474,68,3795,4195,4112
2015-01-11,DFS,1744,1232,23,0,0,1
2015-01-11,DFS,60,28,63,3,1587,5
2015-01-11,DISCA,41,4766,2138,1684
2015-01-11,DISCA,704,178,632,
2015-01-11,DG,19869,7258,12,2,9,15
2015-01-11,DG,13,1793,240,10,1082,212
2015-01-11,DLTR,945,16153,1060,5513,485,266
2015-01-11,DLTR,797,540,5,392,1555,3961
2015-01-11,D,1519,1599,5881,1313,368,310
2015-01-11,D,830,530,28,701,631,272
2015-01-11,DOV,37,238,344,529
2015-01-11,DOV,5057,210,29,
2015-01-11,DOW,225,114,10077,266,9105,712
2015-01-11,DOW,306,11193,434,2613,444,11562
2015-01-11,DPS,3,1,123,305,4,1
2015-01-11,DPS,33,0,0,0,32,207
2015-01-11,DTE,1,280,153,115,3
2015-01-11,DTE,,216,59,57
2015-01-11,DD,377,22688,645,388,633,3471
2015-01-11,DD,488,493,1227,5658,187,154
2015-01-11,DUK,261,2288,3263,6476,710,696
2015-01-11,DUK,4928,167,15,963,1029,1507
2015-01-11,DNB,9,17,40,0
2015-01-11,DNB,18,2,7,
2015-01-11,ETFC,1002,1542,12576,26,6987,134
2015-01-11,ETFC,72,506,9,2878,148,383
2015-01-11,EMN,48,88,942,1092,1459,2927
2015-01-11,EMN,981,616,377,345,1078,1433
2015-01-11,ETN,1563,70,65,135,110,2893
2015-01-11,ETN,31,79,1609,2657,166,111
2015-01-11,EBAY,268,47311,288,9176,3005,310
2015-01-11,EBAY,9172,373,355,310,26331,1676
2015-01-11,ECL,19,9,346,168,1897,997
2015-01-11,ECL,489,438,89,149,364,1064
2015-01-11,EIX,5,90,686,636,882,90
2015-01-11,EIX,804,1,0,518,859,189
2015-01-11,EW,39,160,260,369,174,11
2015-01-11,EW,180,30,0,136,527,429
2015-01-11,EA,599,184,1017,532,530,149
2015-01-11,EA,388,198,58,52,392,347
2015-01-11,EMC,40,8945,1914,54819,1771,72009
2015-01-11,EMC,18576,4094,3007,939,9169,2714
2015-01-11,EMR,76,270,1950,2356,4963,3903
2015-01-11,EMR,2668,1526,863,1393,4668,3896
2015-01-11,ESV,115,657,334,614,1147,4885
2015-01-11,ESV,9870,733,714,1335,1233,1160
2015-01-11,ETR,504,597,159,224,124,48
2015-01-11,ETR,114,3,0,264,207,72
2015-01-11,EOG,144,3192,211,1751,634,6324
2015-01-11,EOG,3988,205,9948,121,3730,264
2015-01-11,EQT,1,57,977,1574,1304
2015-01-11,EQT,391,121,96,227,172,248
2015-01-11,EFX,10,22,52,10
2015-01-11,EFX,,44,132,0
2015-01-11,EQR,100,629,1104,0,0,0
2015-01-11,EQR,91,68,0,604,90,226
2015-01-11,ESS,0,0,95,10,10
2015-01-11,ESS,,3,0,0
2015-01-11,EL,867,410,979,3167,2130,2343
2015-01-11,EL,1921,385,121,525,3850,1489
2015-01-11,EXC,7040,11351,9377,9824,6934,4772
2015-01-11,EXC,1419,573,451,1498,2808,4064
2015-01-11,EXPE,119,87,1554,34,2276,5569
2015-01-11,EXPE,103,278,144,769,333,1178
2015-01-11,EXPD,89,1500,2224,218,5386,246
2015-01-11,EXPD,143,252,182,484,443,497
2015-01-11,ESRX,12,2407,2055,2252,540,1169
2015-01-11,ESRX,979,356,27,94,1863,1202
2015-01-11,XOM,3208,21559,1706,31081,2554,22089
2015-01-11,XOM,17193,465,13877,17832,23169,2125
2015-01-11,FFIV,15,20,32,1148,39,68
2015-01-11,FFIV,506,18,131,202,57,51
2015-01-11,FB,40732,5189,30796,11189,78070,6327
2015-01-11,FB,3231,25436,4663,40671,6268,18539
2015-01-11,FDO,60,1071,1486,183,20086,478
2015-01-11,FDO,108,122,35,3019,4235,1103
2015-01-11,FAST,105,1073,439,759,1845,1744
2015-01-11,FAST,900,2619,180,243,548,2197
2015-01-11,FDX,19,1428,99,1793,422,2759
2015-01-11,FDX,661,40,308,372,1509,103
2015-01-11,FIS,0,0,495,111
2015-01-11,FIS,,83,301,191
2015-01-11,FITB,0,244,305,586,5974,3298
2015-01-11,FITB,3687,7748,850,75,486,5003
2015-01-11,FSLR,121,153,578,492,3337,97
2015-01-11,FSLR,50,7753,37,108,280,219
2015-01-11,FE,1086,1068,3382,1872,3198,626
2015-01-11,FE,377,1532,1273,426,945,708
2015-01-11,FISV,6,166,50
2015-01-11,FISV,,50,0,103
2015-01-11,FLIR,1,10,10,44,223,163
2015-01-11,FLIR,352,338,109,3,22,60
2015-01-11,FLS,0,31,595,468,1459
2015-01-11,FLS,424,430,153,11,15,447
2015-01-11,FLR,14,18,208,13,92,93
2015-01-11,FLR,52,33,51,18,35,706
2015-01-11,FMC,0,13,243,1454,201,2430
2015-01-11,FMC,292,169,449,0,51,263
2015-01-11,FTI,2,2,0,45,58
2015-01-11,FTI,117,234,40,10,3,3
2015-01-11,F,29690,886,166986,6494,87083,7290
2015-01-11,F,2213,35860,146,29641,3951,144538
2015-01-11,FOSL,197,124,148,0,0,1318
2015-01-11,FOSL
2015-01-11,BEN,28,62,266,1207,1001,1324
2015-01-11,BEN,1306,1113,89,1174,9054,9040
2015-01-11,FCX,3818,929,3587,3765,6969,647
2015-01-11,FCX,654,17751,60,13518,745,2513
2015-01-11,FTR,2193,607,119,15190,179,0
2015-01-11,FTR,1894,0,0,4420,17917,201
2015-01-11,GME,1180,54,1503,15,225,353
2015-01-11,GME,378,20281,580,4361,542,3679
2015-01-11,GCI,46,49,1690,504,1542,617
2015-01-11,GCI,493,283,155,387,221,786
2015-01-11,GPS,3749,117,3105,579,4614,276
2015-01-11,GPS,157,410,24,1996,231,1021
2015-01-11,GRMN,1,55,208,1013,3209,1320
2015-01-11,GRMN,1055,4152,674,912,1307,2678
2015-01-11,GM,5536,70506,2573,43744,7281,67074
2015-01-11,GM,6967,140,22784,1520,62314,807
2015-01-11,GD,553,459,498,581,822,279
2015-01-11,GD,390,117,117,387,357,355
2015-01-11,GE,620,656,9694,5023,91144,3943
2015-01-11,GE,5715,81766,4522,21136,676,46909
2015-01-11,GGP,5550,5597,444,14495,11,12
2015-01-11,GGP,2,0,0,191,142,121
2015-01-11,GIS,18,392,13547,7354,2130,965
2015-01-11,GIS,4995,170,12,3786,4365,1962
2015-01-11,GPC,102,196,51
2015-01-11,GPC,,10,4,127
2015-01-11,GNW,2435,543,2128,0,931,526
2015-01-11,GNW,2734,228,6591,152,5088,414
2015-01-11,GILD,29874,1753,2961,2302,1320,40892
2015-01-11,GILD,59,127,8117,17174,371,315
2015-01-11,GS,10366,69,7971,408,7957,908
2015-01-11,GS,543,5666,163,2424,625,2341
2015-01-11,GT,6467,65,13903,412,1555,158
2015-01-11,GT,192,465,215,3525,288,1273
2015-01-11,GOOG,271,30,470,51,2091,218
2015-01-11,GOOG,375,3037,135,1659,150,1169
2015-01-11,GWW,5,72,137,1349,455,514
2015-01-11,GWW,850,80,2,484,1398,373
2015-01-11,HAL,792,4073,2196,21842,941,3220
2015-01-11,HAL,22387,103,53,435,1653,399
2015-01-11,HOG,87,298,454,1803,853,930
2015-01-11,HOG,954,558,484,734,4107,1967
2015-01-11,HAR,50,59,108,334,461,666
2015-01-11,HAR,1247,138,79,67,3332,438
2015-01-11,HRS,11,41,144
2015-01-11,HRS,67,55,2
2015-01-11,HIG,1575,1413,7883,0,354,132
2015-01-11,HIG,128,164,166,24,705,22
2015-01-11,HAS,21,58,737,1340,825,973
2015-01-11,HAS,2400,279,44,375,239,2030
2015-01-11,HCP,39,6298,7238,351,15,0
2015-01-11,HCP,228,49,14,1074,901,1219
2015-01-11,HCN,6704,837,1492,373,11,4
2015-01-11,HCN,273,0,0,1827,1143,118
2015-01-11,HP,13,150,45,261,438,104
2015-01-11,HP,651,493,343,261,542,740
2015-01-11,HSY,930,2417,853,2223,427,148
2015-01-11,HSY,63,0,0,653,608,610
2015-01-11,HES,1300,118,86,43,112,532
2015-01-11,HES,24,18,869,6085,188,40
2015-01-11,HPQ,165,9989,1721,3644,311,4669
2015-01-11,HPQ,527,96,86,181,1695,275
2015-01-11,HD,216,282,659,2725,525,474
2015-01-11,HD,677,637,183,883,247,270
2015-01-11,HON,1700,1616,2152,5123,4611,1188
2015-01-11,HON,1136,1568,49,2292,2222,1568
2015-01-11,HRL,48,819,3
2015-01-11,HRL,20,0,348
2015-01-11,HSP,139,334,139,64
2015-01-11,HSP,,81,56,38
2015-01-11,HST,0,15,37,2745,595,0
2015-01-11,HST,177,502,3,1141,2930,396
2015-01-11,HCBK,5,279,12556,229
2015-01-11,HCBK,,3,3234,4352
2015-01-11,HUM,23,272,50,20,40,750
2015-01-11,HUM,8,29,0,1110,107,13
2015-01-11,HBAN,1035,118,241,10616,2289,9126
2015-01-11,HBAN,2171,186,36,2152,427,2387
2015-01-11,ITW,11,56,138,995,862,388
2015-01-11,ITW,330,99,1248,346,471,595
2015-01-11,IR,5,164,540,628,835,219
2015-01-11,IR,844,2250,92,238,873,655
2015-01-11,TEG,30
2015-01-11,TEG,2,5
2015-01-11,INTC,408,30917,2420,87176,6356,24694
2015-01-11,INTC,20423,777,4759,3543,11052,2773
2015-01-11,ICE,70,107,1190,4285,186,6
2015-01-11,ICE,244,16,0,292,498,921
2015-01-11,IBM,271,2513,794,6701,1843,8060
2015-01-11,IBM,10593,833,4954,850,7773,1025
2015-01-11,IFF,6,47,20,3
2015-01-11,IFF,,10,156,103
2015-01-11,IP,261,11938,162,30,590,171
2015-01-11,IP,107,46,305,525,1570,135
2015-01-11,IPG,679,1446,16286,1214,108,136
2015-01-11,IPG,193,60,0,1915,881,630
2015-01-11,INTU,702,2057,1506,795,295,810
2015-01-11,INTU,319,218,68,626,1016,660
2015-01-11,ISRG,103,59,268,57,354,27
2015-01-11,ISRG,28,47,28,99,22,129
2015-01-11,IVZ,19,2,49,164,379,2305
2015-01-11,IVZ,640,378,316,153,31,199
2015-01-11,IRM,0,23,284,1101,352,265
2015-01-11,IRM,63,1,2,1096,837,98
2015-01-11,JBL,362,4098,1460,2716,667,326
2015-01-11,JBL,519,5,27,289,2804,576
2015-01-11,JEC,11,22,338,334,166
2015-01-11,JEC,649,214,288,13,255,250
2015-01-11,JNJ,308,227,170,61782,2722,597
2015-01-11,JNJ,41586,244,133,7143,2591,1002
2015-01-11,JCI,248,2068,909,868,987,823
2015-01-11,JCI,412,2528,1048,354,1304,516
2015-01-11,JPM,207,352,1012,1278,77262,1872
2015-01-11,JPM,1388,41942,1389,2696,742,1238
2015-01-11,JNPR,6950,754,5327,1097,13708,253
2015-01-11,JNPR,32,1711,0,7315,1585,2497
2015-01-11,KSU,1,17,6,243,0,2
2015-01-11,KSU,76,6,14,12,62,3
2015-01-11,K,127,2497,5502,3741,2106,3703
2015-01-11,K,536,68,42,3937,1642,9578
2015-01-11,GMCR,1679,158,115,338,223,3359
2015-01-11,GMCR,44,34,657,1321,168,123
2015-01-11,KEY,18,2335,3059,6787,6909,255
2015-01-11,KEY,2845,254,310,466,4650,12317
2015-01-11,KMB,10,61,2127,808,64,48
2015-01-11,KMB,30,10,12,326,3411,331
2015-01-11,KIM,0,25,1133,51
2015-01-11,KIM,,38,169,1217
2015-01-11,KMI,18,1656,2440,3885,95961,3693
2015-01-11,KMI,3693,6889,106,7989,678,2916
2015-01-11,KLAC,530,129,906,237,923,2614
2015-01-11,KLAC,1074,267,78,1127,278,391
2015-01-11,KSS,1876,3540,4563,5373,2670,376
2015-01-11,KSS,374,297,54,2270,2724,894
2015-01-11,KRFT,36,159,3822,4054,301,272
2015-01-11,KRFT,785,77,2,6621,1082,1080
2015-01-11,KR,2052,2514,936,533,7
2015-01-11,KR,,333,0,0
2015-01-11,LB,404,790,6549,3287,1303,119
2015-01-11,LB,1102,5,0,776,845,1546
2015-01-11,LLL,770,747,1020,525,40,73
2015-01-11,LLL,349,10,0,271,1303,423
2015-01-11,LH,2098,152,758,6
2015-01-11,LH,,655,20,0
2015-01-11,LRCX,151,532,2677,909,960,543
2015-01-11,LRCX,443,365,137,1016,747,411
2015-01-11,LM,62,426,5
2015-01-11,LM,267,0,124
2015-01-11,LEG,9,0,60
2015-01-11,LEG,22,7609,10165
2015-01-11,LEN,575,2940,1097,1315,1083,6638
2015-01-11,LEN,391,169,277,2075,552,418
2015-01-11,LUK,219,1386,233,10
2015-01-11,LUK,917,318,51,
2015-01-11,LLY,1,15,184,7145,261,667
2015-01-11,LLY,758,73,6,226,51,94
2015-01-11,LNC,59,258,562,1772,1596,2555
2015-01-11,LNC,878,419,258,212,1748,266
2015-01-11,LLTC,676,546,1233,940,1372,1565
2015-01-11,LLTC,4076,4182,343,407,2209,676
2015-01-11,LMT,991,1188,1356,572,292,165
2015-01-11,LMT,34,0,0,1547,819,166
2015-01-11,L,43
2015-01-11,L,1,3
2015-01-11,LO,1332,38,343,222,3362,2
2015-01-11,LO,109,468,0,589,0,301
2015-01-11,LOW,6832,4589,3212,2020,252,3
2015-01-11,LOW,305,110,0,1247,1827,1401
2015-01-11,LYB,172,3063,2115,3501,2477,2578
2015-01-11,LYB,2603,1325,985,1241,8757,1269
2015-01-11,MTB,5,5,405,509,287
2015-01-11,MTB,1140,369,263,229,451,533
2015-01-11,MAC,1808,2012
2015-01-11,MAC,0,0
2015-01-11,M,6898,5950,5770,7013,3354,291
2015-01-11,M,1340,582,0,11159,13551,4395
2015-01-11,MNK,35,7,6,1,587,2
2015-01-11,MNK,332,0,4,0,0,0
2015-01-11,MRO,71,342,237,936,146,2254
2015-01-11,MRO,2947,183,435,142,6435,166
2015-01-11,MPC,5922,25,1058,145,11196,37
2015-01-11,MPC,25,9277,48,6024,18,678
2015-01-11,MAR,773,551,474,560,617,1720
2015-01-11,MAR,159,20,0,1521,1315,1696
2015-01-11,MMC,98,11405,1019,150
2015-01-11,MMC,,324,536,943
2015-01-11,MLM,0,1,9,160,118,184
2015-01-11,MLM,140,274,325,30,135,71
2015-01-11,MAS,5309,2010,2914,1330,139,69
2015-01-11,MAS,153,10,0,827,800,676
2015-01-11,MA,1097,1238,1663,2161,3747,802
2015-01-11,MA,620,1637,721,534,908,607
2015-01-11,MAT,1,194,514,3597,2791,4227
2015-01-11,MAT,4876,827,5934,262,2557,6384
2015-01-11,MKC,5,186,28
2015-01-11,MKC,11,7,15
2015-01-11,MCD,1782,169,14242,1630,57634,5221
2015-01-11,MCD,3535,16673,60,19430,645,17254
2015-01-11,MHFI,111,84,87,58,282,8006
2015-01-11,MHFI,120,132,46,88,44,59
2015-01-11,MCK,335,312,1101,4604,111,225
2015-01-11,MCK,3,4,0,598,674,919
2015-01-11,MJN,72,1222,6280,1563,2647,1206
2015-01-11,MJN,50,0,0,4613,2011,633
2015-01-11,MWV,6,2200,43
2015-01-11,MWV,475,0,160
2015-01-11,MDT,231,238,353,95,2308,275
2015-01-11,MDT,138,353,0,366,147,334
2015-01-11,MRK,975,859,24713,281,95,151
2015-01-11,MRK,13760,0,1,0,0,0
2015-01-11,MET,212,24582,48,2427,250,5704
2015-01-11,MET,481,395,8692,20509,92,84
2015-01-11,KORS,881,58,69,22,3623,615
2015-01-11,KORS,14,16473,2391,1036,1571,653
2015-01-11,MCHP,828,181,469,633,928,1811
2015-01-11,MCHP,2014,227,249,3585,127,174
2015-01-11,MU,1222,67988,12870,51725,4532,46107
2015-01-11,MU,13740,1923,10258,3047,21526,3520
2015-01-11,MSFT,16674,898,25834,2355,37528,2349
2015-01-11,MSFT,1342,20933,622,20624,2302,18979
2015-01-11,MHK,49,31,119,4976,103,11
2015-01-11,MHK,55,0,0,66,1001,88
2015-01-11,TAP,2495,14964,6008,5487,1631,1907
2015-01-11,TAP,72,100,30,2464,1384,881
2015-01-11,MDLZ,2310,2872,3537,3359,6565,23175
2015-01-11,MDLZ,3502,1320,153,4547,3098,3664
2015-01-11,MON,187,222,146,22924,607,2138
2015-01-11,MON,4471,204,58,186,1746,4177
2015-01-11,MNST,591,32,19,19,286,114
2015-01-11,MNST,28,0,0,0,0,0
2015-01-11,MCO,161,96,276,553,295,420
2015-01-11,MCO,493,67,67,1197,231,671
2015-01-11,MS,25881,8886,136,9769,2361,4156
2015-01-11,MS,3780,2235,2126,301,4672,495
2015-01-11,MOS,19,7257,32,145,929,190
2015-01-11,MOS,140,66,65,8,7147,62
2015-01-11,MSI,591,6245,6320,6001,7886,248
2015-01-11,MSI,215,143,94,15467,2753,1468
2015-01-11,MUR,52,34,215,331,532,2706
2015-01-11,MUR,447,393,564,220,1550,388
2015-01-11,MYL,13112,5721,18203,10823,4805,705
2015-01-11,MYL,1240,436,0,2038,2805,29850
2015-01-11,NBR,26,553,762,2228,1835,2325
2015-01-11,NBR,2722,1039,548,845,871,2154
2015-01-11,NDAQ,162,438,112,163,79,808
2015-01-11,NDAQ,54,7,0,26,41,18
2015-01-11,NOV,107,7,2,0,80,173
2015-01-11,NOV,232,1028,275,57,23,599
2015-01-11,NAVI,0,10,717,394,0
2015-01-11,NAVI,,77,94,180
2015-01-11,NTAP,16,2893,42,995,668,2771
2015-01-11,NTAP,585,8,1728,283,4894,867
2015-01-11,NFLX,151,570,235,655,255,938
2015-01-11,NFLX,1084,347,914,184,1047,285
2015-01-11,NWL,172,622,267,30,25,7
2015-01-11,NWL,,31,0,0
2015-01-11,NFX,0,1144,498,1750,730,6056
2015-01-11,NFX,2209,1204,1010,87,510,948
2015-01-11,NEM,595,14663,906,5521,705,3714
2015-01-11,NEM,8938,0,2607,235,19343,338
2015-01-11,NWSA,25,12,3528,579,675,524
2015-01-11,NWSA,239,24,560,0,257,1022
2015-01-11,NEE,874,1687,2575,1254,154,92
2015-01-11,NEE,72,12,5,387,3766,255
2015-01-11,NLSN,7,241,36
2015-01-11,NLSN,118,36,5,16
2015-01-11,NKE,798,62,3952,460,2745,399
2015-01-11,NKE,150,752,12,2042,669,1655
2015-01-11,NI,430,2573,5507,5405,4962,75
2015-01-11,NI,411,20,7,138,471,192
2015-01-11,NE,615,347,592,98,1505,341
2015-01-11,NE,149,3682,37,563,151,1832
2015-01-11,NBL,61,142,355,81,296,87
2015-01-11,NBL,196,534,331,177,1004,908
2015-01-11,JWN,754,2622,863,2114,146,267
2015-01-11,JWN,1225,4,38,768,1659,255
2015-01-11,NSC,1635,868,27,5,1935,135
2015-01-11,NSC,38,3163,174,3,88,45
2015-01-11,NU,0,59,1987,278
2015-01-11,NU,,131,253,176
2015-01-11,NTRS,0,32,377,1176,325
2015-01-11,NTRS,747,68,4,10,113,83
2015-01-11,NOC,435,477,660,488,156,26
2015-01-11,NOC,70,0,0,404,1102,659
2015-01-11,NRG,3096,196,612,899,682,11838
2015-01-11,NRG,2728,1164,3384,12695,4629,2082
2015-01-11,NUE,2,508,82,141,58,116
2015-01-11,NUE,209,37,1269,88,2266,29
2015-01-11,NVDA,2964,3889,83,15887,427,14283
2015-01-11,NVDA,1997,125,621,661,5013,221
2015-01-11,ORLY,391,158,188,99,229,246
2015-01-11,ORLY,254,46,0,71,193,270
2015-01-11,OXY,979,112,4239,230,2086,274
2015-01-11,OXY,159,1587,431,4075,392,3132
2015-01-11,OMC,0,0,0,526,302
2015-01-11,OMC,,37,72,61
2015-01-11,OKE,0,0,18,104
2015-01-11,OKE,459,34,108,
2015-01-11,ORCL,26345,119,11280,184,10445,1370
2015-01-11,ORCL,1048,2729,523,8521,644,4256
2015-01-11,OI,20,12,154,116
2015-01-11,OI,179,185,73,
2015-01-11,PCAR,950,1192,264,685,302,700
2015-01-11,PCAR,812,399,936,1103,588,357
2015-01-11,PLL,4,1146,230,1
2015-01-11,PLL,,65,136,103
2015-01-11,PH,8,1075,307,102,63,13
2015-01-11,PH,71,19,0,0,125,141
2015-01-11,PDCO,2,20,51
2015-01-11,PDCO,,80,6,60
2015-01-11,PAYX,4665,1078,2368,1677,546,1982
2015-01-11,PAYX,337,105,66,1167,431,886
2015-01-11,PNR,42,158,242,53
2015-01-11,PNR,,101,0,0
2015-01-11,PBCT,0,451
2015-01-11,PBCT,154,63
2015-01-11,POM,1
2015-01-11,POM,0
2015-01-11,PEP,137,5259,570,6852,1687,18699
2015-01-11,PEP,2126,0,3844,730,4840,364
2015-01-11,PKI,27,206,5,1
2015-01-11,PKI,9,3,0,
2015-01-11,PRGO,72,3441,572,276,471,849
2015-01-11,PRGO,22,4,30,91,107,125
2015-01-11,PETM,2316,1608,2320,2810,892,104
2015-01-11,PETM,1,0,0,2279,1208,3053
2015-01-11,PFE,3174,58506,3732,46998,245,23732
2015-01-11,PFE,957,88,176,1920,15173,258
2015-01-11,PCG,1,0,739
2015-01-11,PCG,,128,329,2531
2015-01-11,PM,882,139,5015,412,10662,85
2015-01-11,PM,74,7402,1,7810,442,8398
2015-01-11,PSX,19,31,52,680,166,119
2015-01-11,PSX,1852,36,21,355,24,65
2015-01-11,PNW,0,117,202,6,0
2015-01-11,PNW,,60,12,14
2015-01-11,PXD,78,1273,72,0,32,6
2015-01-11,PXD,39,26,651,1563,3,38
2015-01-11,PBI,48,93,636,2879,1032,1875
2015-01-11,PBI,671,479,901,1832,1363,1097
2015-01-11,PCL,4858,4255,1105,380,1171,202
2015-01-11,PCL,85,184,68,394,534,399
2015-01-11,PNC,2469,3049,4921,3289,4255,1522
2015-01-11,PNC,1483,950,588,1849,2173,2226
2015-01-11,PPG,517,659,578,791,354,71
2015-01-11,PPG,96,2,0,589,887,894
2015-01-11,PPL,52,3304,37826,2291,2047,2131
2015-01-11,PPL,275,269,373,614,785,802
2015-01-11,PX,0,126,165,994,545,511
2015-01-11,PX,450,33,6,258,386,714
2015-01-11,PCP,0,0,97,244
2015-01-11,PCP,151,55,23,
2015-01-11,PCLN,82,10,300,17,180,53
2015-01-11,PCLN,25,494,58,346,54,739
2015-01-11,PFG,5,13,113,1245,17,11
2015-01-11,PFG,345,0,0,860,57,147
2015-01-11,PG,15834,166,40041,866,31218,395
2015-01-11,PG,1218,3076,346,9571,1254,32710
2015-01-11,PGR,160,149,3,40
2015-01-11,PGR,383,0,0,
2015-01-11,PLD,5185,333,341,79
2015-01-11,PLD,,1576,47,0
2015-01-11,PRU,670,6482,3447,11078,4171,3826
2015-01-11,PRU,6765,998,338,3248,3066,6661
2015-01-11,PSA,973,1096,54
2015-01-11,PSA,,62,32,0
2015-01-11,PEG,128,64,1
2015-01-11,PEG,,169,0,0
2015-01-11,PHM,301,6528,188,775,225,4668
2015-01-11,PHM,447,3,132,6858,3951,186
2015-01-11,PVH,152,1724,6791,727,1340,2252
2015-01-11,PVH,507,885,166,239,517,1226
2015-01-11,QEP,15,449,1003,90,1084
2015-01-11,QEP,55,97,745,2,176,118
2015-01-11,QCOM,132,99,1000,2494,48801,3607
2015-01-11,QCOM,416,15830,1397,476,1512,1355
2015-01-11,PWR,776,153,535,367,836,2305
2015-01-11,PWR,1109,308,2272,58,84,789
2015-01-11,DGX,0,0,77,747,574
2015-01-11,DGX,,23184,1964,421
2015-01-11,RL,2030,604,2031,1470,1775,1000
2015-01-11,RL,1444,351,64,1286,1232,1770
2015-01-11,RRC,28,17,99,418,4054,1014
2015-01-11,RRC,160,1719,314,179,165,3314
2015-01-11,RTN,36,41,1799,1426,635,240
2015-01-11,RTN,318,1,0,646,1053,985
2015-01-11,RHT,6398,924,493,760,265,353
2015-01-11,RHT,243,162,61,597,471,759
2015-01-11,REGN,207,12,251,17,242,29
2015-01-11,REGN,12,206,12,64,22,432
2015-01-11,RF,2467,134,454,17808,10102,6771
2015-01-11,RF,12707,725,613,3421,612,6112
2015-01-11,RSG,166,97,18896,575,128,0
2015-01-11,RSG,20,0,0,424,279,180
2015-01-11,RAI,81,658,582,1343,1247,109
2015-01-11,RAI,269,672,6,528,829,1430
2015-01-11,RHI,38,256
2015-01-11,RHI,168,0
2015-01-11,ROK,2,40,89,901,380,1084
2015-01-11,ROK,440,643,40,91,237,485
2015-01-11,COL,1,0,771,657,30,11
2015-01-11,COL,92,25,0,76,73,154
2015-01-11,ROP,0,7,33,307,11
2015-01-11,ROP,32,1,0,
2015-01-11,ROST,387,508,217,130,272,47
2015-01-11,ROST,16,0,0,455,224,129
2015-01-11,R,0,0,0,0
2015-01-11,R,145,84,15,94,47,38
2015-01-11,SWY,276,0,334,26,425,16
2015-01-11,SWY,400,0,6,183,0,398
2015-01-11,CRM,54,5781,56,220,83,247
2015-01-11,CRM,90,85,50,301,8339,193
2015-01-11,SNDK,9,6936,320,5250,395,7691
2015-01-11,SNDK,3098,568,2747,1252,4019,1661
2015-01-11,SCG,2
2015-01-11,SCG,11,0
2015-01-11,SLB,105,1659,39,2174,821,5279
2015-01-11,SLB,11553,11261,13668,717,20938,4352
2015-01-11,SCHW,302,735,1200,847,4955,1922
2015-01-11,SCHW,1476,1105,70,1912,3409,2118
2015-01-11,SNI,0,45,820,1
2015-01-11,SNI,196,32,0,
2015-01-11,STX,3546,103,75,197,196,4190
2015-01-11,STX,407,154,931,1268,256,154
2015-01-11,SEE,1204,3632,4766,83,393,14
2015-01-11,SEE,66,52,1,151,592,192
2015-01-11,SRE,57,241,942,2217,16
2015-01-11,SRE,,318,315,188
2015-01-11,SHW,161,163,638,97,28,20
2015-01-11,SHW,6,0,0,187,2710,111
2015-01-11,SIAL,0,348,466,163,20
2015-01-11,SIAL,,125,263,407
2015-01-11,SPG,3805,1300,1584,820,0,0
2015-01-11,SPG,5,0,0,1236,1414,249
2015-01-11,SJM,6,40,156,593,151,131
2015-01-11,SJM,94,0,0,104,398,356
2015-01-11,SNA,10,0,16,24,30
2015-01-11,SNA,,4,91,47
2015-01-11,SO,9162,29204,4688,6759,438,280
2015-01-11,SO,5601,18,0,6854,2559,7252
2015-01-11,LUV,17,2880,100,3179,213,3033
2015-01-11,LUV,1252,203,461,414,2007,361
2015-01-11,SWN,16,33,87,1334,375,377
2015-01-11,SWN,1845,6585,1861,132,284,2233
2015-01-11,SE,12,22,22,48,814,718
2015-01-11,SE,1169,1451,505,11,442,72
2015-01-11,STJ,59,556,4182,14873,6264,95
2015-01-11,STJ,699,59,15,466,851,2705
2015-01-11,SWK,1423,3505,1407,2508,1058,642
2015-01-11,SWK,173,112,59,1617,1315,274
2015-01-11,SPLS,11374,4489,10831,10568,7042,14479
2015-01-11,SPLS,988,487,39,3143,5092,2123
2015-01-11,SBUX,7,8734,247,10858,586,5541
2015-01-11,SBUX,4402,832,3073,140,6610,387
2015-01-11,HOT,1408,289,204,427,39,435
2015-01-11,HOT,2418,52,2299,525,352,93
2015-01-11,STT,23,64,346,580,567,214
2015-01-11,STT,488,499,14,667,1391,1537
2015-01-11,SRCL,5,96,29,26,1
2015-01-11,SRCL,,0,0,0
2015-01-11,SYK,2511,1648,796,764,2551,2475
2015-01-11,SYK,576,20,0,900,3791,4003
2015-01-11,STI,202,1258,1105,648,5792,2540
2015-01-11,STI,954,1348,374,1007,1949,1555
2015-01-11,SYMC,2481,6405,13178,3587,3481,468
2015-01-11,SYMC,853,640,3,1567,2105,3899
2015-01-11,SYY,775,4507,1839,1078,209,25
2015-01-11,SYY,62,15,11,562,1279,65
2015-01-11,TROW,1,12,1164,1704,432,329
2015-01-11,TROW,128,110,0,2476,773,2162
2015-01-11,TGT,197,15685,7066,11241,347,1849
2015-01-11,TGT,839,0,1527,400,3308,838
2015-01-11,TEL,20,51,444,442,73,50
2015-01-11,TEL,88,0,0,252,361,389
2015-01-11,TE,30,135,1,1
2015-01-11,TE,,60,0,0
2015-01-11,THC,124,155,481,981,743,376
2015-01-11,THC,803,321,16,1299,698,747
2015-01-11,TDC,32,930,2042,1952,1193,6954
2015-01-11,TDC,2806,522,20,1635,4118,2284
2015-01-11,TSO,24,40,3739,65,572,124
2015-01-11,TSO,37,109,109,99,131,3216
2015-01-11,TXN,191,506,124,126,139,5147
2015-01-11,TXN,230,38,3998,192,187,131
2015-01-11,TXT,686,310,1326,554,303,756
2015-01-11,TXT,187,94,68,330,322,304
2015-01-11,TMO,200,1447,1959,2034,1653,1174
2015-01-11,TMO,156,40,85,1139,1338,1332
2015-01-11,TIF,1001,1290,14603,5298,19488,1231
2015-01-11,TIF,1222,175,56,1867,3873,2747
2015-01-11,TWX,4161,2557,103,8192,236,1400
2015-01-11,TWX,1087,137,204,904,5763,938
2015-01-11,TWC,2169,8925,13053,13616,6265,1985
2015-01-11,TWC,3775,55,182,2391,7840,6606
2015-01-11,TJX,3551,2997,3144,2171,518,302
2015-01-11,TJX,96,6,11,1515,953,764
2015-01-11,TMK,0,221
2015-01-11,TMK,139,0
2015-01-11,TSS,15,40
2015-01-11,TSS,10,0
2015-01-11,TSCO,276,457,530,478,326,183
2015-01-11,TSCO,151,23,1,218,1327,332
2015-01-11,RIG,295,12,1156,273,6352,450
2015-01-11,RIG,183,5464,528,60314,961,14146
2015-01-11,TRV,88,572,2451,1169,51,10
2015-01-11,TRV,11,1,0,481,777,485
2015-01-11,TRIP,11,10,398,16,1006,4
2015-01-11,TRIP,9,996,59,25,40,88
2015-01-11,FOXA,1807,2314,3011,2503,1731,2701
2015-01-11,FOXA,549,814,250,1177,2482,4074
2015-01-11,TSN,1207,4464,10315,5630,3545,4022
2015-01-11,TSN,480,355,63,965,3427,3200
2015-01-11,USB,20,1894,19,134,116,695
2015-01-11,USB,6930,345,5055,507,5774,266
2015-01-11,UA,182,3953,2832,1960,279,422
2015-01-11,UA,74,133,150,177,226,1088
2015-01-11,UNP,63,115,118,2298,284,316
2015-01-11,UNP,4761,342,125,64,63,98
2015-01-11,UPS,68,634,183,41316,296,3475
2015-01-11,UPS,6587,272,558,880,735,144
2015-01-11,URI,784,50,437,159,18,132
2015-01-11,URI,3004,33,1062,22,198,166
2015-01-11,UTX,8759,16,24,10162,72,201
2015-01-11,UTX,1968,37,66,17,52,131
2015-01-11,UNH,150,154,315,549,2702,377
2015-01-11,UNH,23,161,22,172,297,31
2015-01-11,UHS,73,505,157,235,23,3
2015-01-11,UHS,224,0,0,195,409,119
2015-01-11,UNM,40,92,100,254,793
2015-01-11,UNM,51,30,85,70,237,146
2015-01-11,URBN,3590,12608,6819,1104,847,271
2015-01-11,URBN,540,54,64,1242,3348,480
2015-01-11,VLO,3014,149,150,195,848,22415
2015-01-11,VLO,496,161,10482,26385,10565,690
2015-01-11,VAR,16,21,2
2015-01-11,VAR,,32,0,0
2015-01-11,VTR,0,17,501,87,10
2015-01-11,VTR,,42,360,309
2015-01-11,VRSN,37,363,827,953,395,157
2015-01-11,VRSN,257,312,10,29,355,619
2015-01-11,VZ,52,608,363,23766,1791,13387
2015-01-11,VZ,17228,946,12279,627,9907,591
2015-01-11,VRTX,2038,1,15,16,17,4249
2015-01-11,VRTX,16,0,0,0,0,0
2015-01-11,VFC,561,386,1257,210,163,69
2015-01-11,VFC,,115,0,0
2015-01-11,VIAB,330,183,376,1717,5780,7445
2015-01-11,VIAB,7613,5261,1566,503,854,1399
2015-01-11,V,1420,120,2918,189,3437,203
2015-01-11,V,128,791,87,1174,96,1278
2015-01-11,VNO,19,2582,131,633,2
2015-01-11,VNO,,197,316,140
2015-01-11,VMC,79,45,265,920,18
2015-01-11,VMC,,121,106,58
2015-01-11,WMT,2953,6470,900,9009,1121,957
2015-01-11,WMT,3653,381,920,4259,3193,765
2015-01-11,WAG,178,12296,2821,9406,176,4193
2015-01-11,WAG,626,58,767,204,1427,381
2015-01-11,DIS,1098,15571,2919,19767,1314,7209
2015-01-11,DIS,4397,644,361,959,4084,1546
2015-01-11,WM,1581,1374,6239,292,0
2015-01-11,WM,,1082,201,308
2015-01-11,WAT,3,5,86,1319,21,10
2015-01-11,WAT,41,0,0,1,22,32
2015-01-11,WLP,1331,4184,1858,884,233,71
2015-01-11,WLP,217,15,0,498,600,823
2015-01-11,WFC,117,144,42397,561,737,1539
2015-01-11,WFC,683,466,247,405,2626,17129
2015-01-11,WDC,826,19,77,160,95,1529
2015-01-11,WDC,10,0,76,301,30,103
2015-01-11,WU,235,1243,6022,4796,15344,6238
2015-01-11,WU,4955,563,426,9020,2147,4789
2015-01-11,WY,111,16175,562,1007,75,20
2015-01-11,WY,206,0,13,40,2682,48
2015-01-11,WHR,595,589,371,661,242,106
2015-01-11,WHR,65,12,0,374,286,278
2015-01-11,WFM,47,3860,167,7139,430,505
2015-01-11,WFM,5308,72,94,271,2086,266
2015-01-11,WMB,2276,6011,667,141,2157,87
2015-01-11,WMB,206,3062,1504,3116,4418,27464
2015-01-11,WIN,0,49,286,2448,4310,1328
2015-01-11,WIN,3209,1397,221,8,1851,4131
2015-01-11,WEC,0,438,5068,48,0
2015-01-11,WEC,,201,435,1772
2015-01-11,WYN,2402,2305,218,116,92,5
2015-01-11,WYN,25,0,0,963,1040,75
2015-01-11,WYNN,82,310,276,908,480,276
2015-01-11,WYNN,260,152,26,122,63,890
2015-01-11,XEL,31,1
2015-01-11,XEL,,2,21,0
2015-01-11,XRX,104,3300,1401,5512,12203,793
2015-01-11,XRX,1278,369,10,3575,5193,1643
2015-01-11,XLNX,703,3671,1907,1321,6368,3068
2015-01-11,XLNX,3454,13669,1159,4567,19635,6130
2015-01-11,XL,110,111,723,395,46,11
2015-01-11,XL,73,56,0,59,38,620
2015-01-11,XYL,43,366,4980,633
2015-01-11,XYL,,43,205,377
2015-01-11,YHOO,633,37971,1821,108582,3368,2692
2015-01-11,YHOO,22173,1613,1194,633,11969,2474
2015-01-11,YUM,1230,3754,251,58,82,110
2015-01-11,YUM,36,35,4,1453,3496,69
2015-01-11,ZMH,109,575,609,26
2015-01-11,ZMH,,28,0,0
2015-01-11,ZION,39,223,249,2093,1063,2397
2015-01-11,ZION,1454,1763,1633,13,1276,2192
2015-01-11,ZTS,35,1119,1893,1248,2656,22
2015-01-11,ZTS,4,303,0,2551,1252,684
2015-01-11,SPY,42092,14664,54021,21203,182402,11930
2015-01-11,SPY,34531,135230,13773,75592,12070,66250
